                  epoch,         train/box_loss,         train/cls_loss,         train/dfl_loss,   metrics/precision(B),      metrics/recall(B),       metrics/mAP50(B),    metrics/mAP50-95(B),           val/box_loss,           val/cls_loss,           val/dfl_loss,                 lr/pg0,                 lr/pg1,                 lr/pg2
                      1,                0.98311,                 1.3818,                 1.3525,                0.42451,                0.51272,                0.39065,                0.16804,                 1.8287,                 2.7155,                 2.1784,             0.00065217,             0.00065217,             0.00065217
                      2,                 1.0838,                 1.1065,                 1.4151,                0.20738,                 0.4731,                0.19852,                0.07529,                 2.0115,                  12.05,                 2.5555,              0.0013058,              0.0013058,              0.0013058
                      3,                 1.1065,                 1.0679,                 1.4347,                 0.1788,                0.36008,                 0.1209,                0.04021,                 2.3992,                 7.9973,                 2.9642,              0.0019462,              0.0019462,              0.0019462
                      4,                 1.0704,                 1.0572,                 1.4042,                0.63861,                0.55577,                0.59573,                0.30155,                 1.8359,                 2.3998,                 2.5036,              0.0019406,              0.0019406,              0.0019406
                      5,                 1.0608,                 1.0521,                 1.3848,                  0.688,                0.66457,                0.68092,                0.42345,                 1.3378,                 1.3487,                 1.7667,              0.0019208,              0.0019208,              0.0019208
