                  epoch,         train/box_loss,         train/cls_loss,         train/dfl_loss,   metrics/precision(B),      metrics/recall(B),       metrics/mAP50(B),    metrics/mAP50-95(B),           val/box_loss,           val/cls_loss,           val/dfl_loss,                 lr/pg0,                 lr/pg1,                 lr/pg2
                      1,                 1.1479,                 2.7425,                 1.4884,                0.24123,                0.33333,                0.20499,                0.11991,                  1.017,                 3.9925,                 1.4357,                0.00014,                0.00014,                0.00014
                      2,                0.64708,                 1.2093,                 1.1532,                0.89888,                0.78431,                 0.8665,                 0.6968,                0.58375,                 4.2965,                 1.0763,             0.00029703,             0.00029703,             0.00029703
                      3,                0.55864,                 0.8399,                 1.0613,                0.85017,                0.83333,                0.84865,                0.73509,                0.63589,                   1.25,                 1.1949,             0.00045089,             0.00045089,             0.00045089
                      4,                0.55133,                0.74307,                 1.0671,                0.74862,                0.87255,                0.86303,                0.66566,                0.71895,                 2.6086,                  1.205,             0.00060159,             0.00060159,             0.00060159
                      5,                0.59948,                 0.6858,                 1.0662,                0.63987,                0.69608,                0.68606,                0.45265,                 1.1611,                 2.1737,                 1.7009,             0.00074911,             0.00074911,             0.00074911
